TableName,Columns
AzureDevOpsUsageStats,"[""; Database; Table; StartedOn; LookbackPeriod; QueryCount""]"
AzureDevOpsUsersStats,"[""; StartedOn; ClientRequestId; RootActivityId; Principal; Database; Table; MinCreatedOn; MaxCreatedOn; User; Application""]"
CommitChange,"[""; OrganizationName; RepositoryId; CommitId; ItemObjectId; ProjectId; ChangeType; ItemGitObjectType; ItemIsFolder; ItemOriginalObjectId; ItemPath; SourceServerItem; EtlIngestDate; EtlProcessDate; EtlHashCode; EtlRecordSha; Data; EtlMetadata""]"
Area,"[""; OrganizationName; AreaId; AreaPath; ProjectId; ProjectName; ParentIdentifier; AreaIdentifier; AreaName; AreaDepth; HasChildren; Data; EtlMetadata; EtlIngestDate; EtlProcessDate""]"
BuildResource,"[""; OrganizationName; ProjectId; DefinitionId; BuildId; Type; Name; EtlProcessDate; Data; Hash; EtlMetadata; EtlIngestDate""]"
BuildYaml,"[""; OrganizationName; ProjectId; DefinitionId; YamlId; Index; EtlProcessDate; ParentIndex; Type; DisplayName; Data; EtlMetadata; EtlIngestDate""]"
BuildYamlMap,"[""; OrganizationName; ProjectId; DefinitionId; BuildId; YamlId; EtlProcessDate; EtlMetaData; EtlIngestDate""]"
ReleaseEnvironment,"[""; OrganizationName; ProjectId; ReleaseEnvironmentId; ReleaseEnvironmentName; ReleaseDefinitionEnvironmentId; ReleaseId; ReleaseName; ReleaseDefinitionId; ReleaseDefinitionName; ReleaseDefinitionPath; ModifiedOn; CreatedOn; EnvironmentOptionsAutoLinkWorkItems; EnvironmentOptionsBadgeEnabled; EnvironmentOptionsEmailNotificationType; EnvironmentOptionsEmailRecipients; EnvironmentOptionsEnableAccessToken; EnvironmentOptionsPublishDeploymentStatus; EnvironmentOptionsPullRequestDeploymentEnabled; EnvironmentOptionsSkipArtifactsDownload; EnvironmentOptionsTimeoutInMinutes; NextScheduledUtcTime; OwnerDisplayName; OwnerId; OwnerInactive; OwnerIsContainer; OwnerUniqueName; Rank; ReleaseCreatedByDescriptor; ReleaseCreatedByDisplayName; ReleaseCreatedById; ReleaseCreatedByIsContainer; ReleaseCreatedByUniqueName; Status; TimeToDeploy; TriggerReason; Data; EtlMetadata; EtlIngestDate; EtlProcessDate""]"
PushRefUpdate,"[""; OrganizationName; RepositoryId; PushId; RefName; NewObjectId; OldObjectId; ProjectId; Data; EtlMetadata; EtlIngestDate; EtlProcessDate""]"
BuildWorkItem,"[""; OrganizationName; ProjectId; BuildId; RepositoryId; WorkItemId; Data; EtlMetadata; EtlIngestDate; EtlProcessDate""]"
Push,"[""; OrganizationName; RepositoryId; PushId; PushDate; PushedByDisplayName; PushedById; PushedByUniqueName; RepositoryName; ProjectId; ProjectName; Data; EtlMetadata; EtlIngestDate; EtlProcessDate""]"
PushCommit,"[""; OrganizationName; RepositoryId; PushId; CommitId; ProjectId; Data; EtlMetadata; EtlIngestDate; EtlProcessDate""]"
BuildArtifact,"[""; OrganizationName; ProjectId; BuildId; BuildArtifactName; EtlProcessDate; RepositoryId; ResourceData; ResourceDownloadUrl; ResourcePropertiesTransactionId; ResourcePropertiesArtifactLocation; ResourcePropertiesArtifactName; ResourcePropertiesArtifactType; ResourcePropertiesBrowsable; ResourcePropertiesContainerFolder; ResourcePropertiesLocalPath; ResourcePropertiesType; ResourceType; ResourceUrl; Data; EtlMetadata; EtlIngestDate""]"
BuildChange,"[""; OrganizationName; ProjectId; RepositoryId; BuildId; BuildChangeId; EtlProcessDate; Message; Type; AuthorDisplayName; AuthorId; AuthorUniqueName; Timestamp; Location; Pusher; MessageTruncated; Data; EtlMetadata; EtlIngestDate""]"
PullRequestIterationChange,"[""; OrganizationName; ProjectId; RepositoryId; PullRequestId; PullRequestIterationId; ChangeId; ChangeTrackingId; ChangeType; ItemObjectId; ItemOriginalObjectId; ItemPath; OriginalPath; Data; EtlMetadata; EtlIngestDate; EtlProcessDate""]"
CodeCoverage,"[""; OrganizationName; ProjectId; RepositoryId; BuildId; EtlProcessDate; CodeCoverageFileUrl; ConfigurationFlavor; ConfigurationId; ConfigurationPlatform; ConfigurationUri; Data; EtlMetadata; EtlIngestDate""]"
PolicyEvaluation,"[""; OrganizationName; ArtifactId; EvaluationId; ProjectId; RepositoryId; PullRequestId; CompletedDate; ConfigurationCreatedByDisplayName; ConfigurationCreatedById; ConfigurationCreatedByUniqueName; ConfigurationCreatedDate; ConfigurationId; ConfigurationIsBlocking; ConfigurationIsEnabled; ConfigurationRevision; ConfigurationSettingsAddedFilesOnly; ConfigurationSettingsAllowDownvotes; ConfigurationSettingsAllowNoFastForward; ConfigurationSettingsAllowSquash; ConfigurationSettingsAuthorId; ConfigurationSettingsBuildDefinitionId; ConfigurationSettingsCreatorVoteCounts; ConfigurationSettingsDefaultDisplayName; ConfigurationSettingsDisplayName; ConfigurationSettingsFilenamePatterns; ConfigurationSettingsInvalidateOnSourceUpdate; ConfigurationSettingsManualQueueOnly; ConfigurationSettingsMessage; ConfigurationSettingsMinimumApproverCount; ConfigurationSettingsPolicyApplicability; ConfigurationSettingsQueueOnSourceUpdateOnly; ConfigurationSettingsRequiredReviewerIds; ConfigurationSettingsResetOnSourcePush; ConfigurationSettingsScope; ConfigurationSettingsStatusGenre; ConfigurationSettingsStatusName; ConfigurationSettingsUseSquashMerge; ConfigurationSettingsValidDuration; ConfigurationTypeDisplayName; ConfigurationTypeId; ConfigurationTypeUrl; ConfigurationUrl; ContextBuildAfterMerge; ContextBuildDefinitionId; ContextBuildId; ContextBuildIsNotCurrent; ContextBuildStartedUtc; ContextConflictHash; ContextConflictResolutionHash; ContextErrorCode; ContextIsExpired; ContextLastMergeCommitId; ContextLatestStatusId; ContextLinkedWorkItemIds; ContextSourceHead; ContextWasAutoRequeued; StartedDate; Status; Data; EtlMetadata; EtlIngestDate; EtlProcessDate""]"
CodeCoverageModule,"[""; OrganizationName; ProjectId; RepositoryId; BuildId; ModuleName; Signature; SignatureAge; EtlProcessDate; CodeCoverageFileUrl; ConfigurationFlavor; ConfigurationId; ConfigurationPlatform; ConfigurationUri; BlockCount; BlockData; FileUrl; StatisticsBlocksCovered; StatisticsBlocksNotCovered; StatisticsLinesCovered; StatisticsLinesNotCovered; StatisticsLinesPartiallyCovered; Data; EtlMetadata; EtlIngestDate""]"
PullRequestIterationCommit,"[""; OrganizationName; RepositoryId; PullRequestId; PullRequestIterationId; CommitId; EtlProcessDate; ProjectId; AuthorDate; AuthorEmail; AuthorName; CommitterDate; CommitterEmail; CommitterName; Comment; CommentTruncated; Data; EtlMetadata; EtlIngestDate; EtlCurrent""]"
PullRequestThreadComment,"[""; OrganizationName; RepositoryId; PullRequestId; PullRequestThreadId; PullRequestThreadCommentId; EtlProcessDate; ProjectId; AuthorDisplayName; AuthorId; AuthorIsContainer; AuthorUniqueName; CommentType; Content; IsDeleted; LastUpdatedDate; PublishedDate; ParentCommentId; Data; EtlMetadata; EtlIngestDate""]"
PullRequestThread,"[""; OrganizationName; RepositoryId; PullRequestId; PullRequestThreadId; EtlProcessDate; ProjectId; CodeReviewId; ArtifactUri; CommentsCount; IsDeleted; LastUpdatedDate; PublishedDate; Status; Data; EtlMetadata; EtlIngestDate""]"
PullRequest,"[""; OrganizationName; ProjectId; RepositoryId; PullRequestId; EtlProcessDate; CodeReviewId; ClosedDate; CompletionQueueTime; CompletionOptionsBypassPolicy; CompletionOptionsBypassReason; CompletionOptionsDeleteSourceBranch; CompletionOptionsMergeCommitMessage; CompletionOptionsSquashMerge; CompletionOptionsTransitionWorkItems; CreatedByDisplayName; CreatedById; CreatedByUniqueName; CreationDate; Description; LastMergeCommitId; LastMergeSourceCommitId; LastMergeTargetCommitId; MergeId; MergeStatus; RepositoryName; RepositoryProjectId; RepositoryProjectName; RepositoryProjectState; SourceRefName; Status; SupportsIterations; TargetRefName; Title; Data; EtlMetadata; EtlIngestDate""]"
PullRequestConflict,"[""; OrganizationName; RepositoryId; PullRequestId; ConflictId; EtlProcessDate; ProjectId; BaseBlobObjectId; BaseBlobSize; ConflictPath; ConflictType; MergeBaseCommitCommitId; MergeOriginPullRequestId; MergeSourceCommitCommitId; MergeTargetCommitCommitId; ResolutionAction; ResolutionMergeType; ResolutionUserMergedBlobObjectId; ResolutionUserMergedBlobSize; ResolutionStatus; ResolvedByDisplayName; ResolvedById; ResolvedByUniqueName; ResolvedDate; SourceBlobObjectId; SourceBlobSize; TargetBlobObjectId; TargetBlobSize; Data; EtlMetadata; EtlIngestDate""]"
BuildDefinition,"[""; OrganizationName; ProjectId; BuildDefinitionId; BuildDefinitionRevision; EtlProcessDate; RepositoryId; RepositoryName; BuildDefinitionName; Path; AuthoredByDescriptor; AuthoredByDisplayName; AuthoredById; AuthoredByIsContainer; AuthoredByUniqueName; CreatedDate; DefaultBranch; DraftOfId; DraftOfName; DraftOfProjectId; DraftOfProjectName; DraftOfProjectRevision; DraftOfProjectState; DraftOfProjectVisibility; DraftOfQueueStatus; DraftOfRevision; DraftOfType; DraftOfUri; ProjectName; ProjectRevision; ProjectState; Quality; QueueId; QueueName; QueuePoolId; QueuePoolIsHosted; QueuePoolName; QueueStatus; Type; Uri; BadgeEnabled; BuildNumberFormat; Comment; Description; JobAuthorizationScope; JobCancelTimeoutInMinutes; JobTimeoutInMinutes; ProcessType; ProcessYamlFilename; RepositoryCheckoutSubmodules; RepositoryClean; RepositoryDefaultBranch; RepositoryRootFolder; RepositoryType; RepositoryUrl; Options; Variables; Tags; Data; EtlMetadata; EtlIngestDate; EtlCurrent""]"
ReleaseArtifact,"[""; OrganizationName; ProjectId; ReleaseId; SourceId; Type; Alias; EtlProcessDate; DefinitionReferenceIsTriggeringArtifactId; DefinitionReferenceIsTriggeringArtifactName; DefinitionReferenceArtifactSourceDefinitionUrlId; DefinitionReferenceArtifactSourceVersionUrlId; DefinitionReferenceArtifactsName; DefinitionReferenceBranchId; DefinitionReferenceBranchName; DefinitionReferenceBranchesId; DefinitionReferenceBranchesName; DefinitionReferenceConnectionId; DefinitionReferenceConnectionName; DefinitionReferenceDefaultVersionTypeId; DefinitionReferenceDefaultVersionTypeName; DefinitionReferenceDefinitionId; DefinitionReferenceDefinitionName; DefinitionReferenceFeedId; DefinitionReferenceFeedName; DefinitionReferenceProjectId; DefinitionReferenceProjectName; DefinitionReferencePullRequestId; DefinitionReferencePullRequestIdName; DefinitionReferencePullRequestMergeCommitId; DefinitionReferencePullRequestMergeCommitIdName; DefinitionReferencePullRequestSourceBranchCommitId; DefinitionReferencePullRequestSourceBranchCommitIdName; DefinitionReferenceVersionId; DefinitionReferenceVersionName; IsPrimary; Data; EtlMetadata; EtlIngestDate""]"
WorkItemLink,"[""; SourceProjectId; SourceId; TargetProjectId; TargetId; Rel; EtlLinkRevision; EtlProcessDate; LinkType; ChangedByDisplayName; ChangedById; ChangedByUniqueName; ChangedDate; IsActive; ChangedOperation; Data; EtlMetadata; EtlIngestDate; EtlCurrent""]"
TestRun,"[""; OrganizationName; ProjectId; TestRunId; EtlProcessDate; Title; StartedDate; CompletedDate; ResultDurationSeconds; RunDurationSeconds; BranchName; BuildDefinitionId; BuildId; HasDetail; IsAutomated; ResultAbortedCount; ResultBlockedCount; ResultCount; ResultErrorCount; ResultFailCount; ResultInconclusiveCount; ResultNoneCount; ResultNotApplicableCount; ResultNotExecutedCount; ResultNotImpactedCount; ResultPassCount; ResultTimeoutCount; ResultWarningCount; TestRunType; Workflow; OrganizationId; Data; EtlIngestDate""]"
PullRequestIteration,"[""; OrganizationName; RepositoryId; PullRequestId; PullRequestIterationId; EtlProcessDate; ProjectId; CodeReviewId; AuthorDisplayName; AuthorId; AuthorUniqueName; CommonRefCommitId; CreatedDate; Description; HasMoreCommits; PushId; SourceRefCommitId; TargetRefCommitId; UpdatedDate; Data; EtlMetadata; EtlIngestDate""]"
IdentityMember,"[""; OrganizationName; ProjectId; IdentityId; Member; EtlMetadata; EtlIngestDate; EtlProcessDate""]"
Identity,"[""; OrganizationName; ProjectId; IdentityId; EtlProcessDate; Descriptor; ProviderDisplayName; Data; EtlMetadata; EtlIngestDate""]"
Pool,"[""; OrganizationName; PoolId; EtlProcessDate; PoolName; CreatedOn; CreatedByDisplayName; CreatedById; CreatedByUniqueName; OwnerDisplayName; OwnerId; OwnerUniqueName; AutoProvision; AutoSize; IsHosted; PoolType; Scope; Size; Data; EtlMetadata; EtlIngestDate""]"
DistributedTaskGroupTasks,"[""; OrganizationName; ProjectId; DistributedTaskGroupId; VersionMajor; VersionMinor; VersionPatch; GroupTaskNumber; DisplayName; AlwaysRun; ContinueOnError; Condition; Enabled; TimeoutInMinutes; Inputs; TaskId; TaskVersionSpec; TaskDefinitionType; Data; EtlMetadata; EtlIngestDate; EtlProcessDate""]"
DistributedTaskQueue,"[""; OrganizationName; ProjectId; DistributedTaskQueueId; DistributedTaskQueueName; PoolId; PoolName; PoolIsHosted; PoolType; PoolScope; PoolSize; Data; EtlMetadata; EtlIngestDate; EtlProcessDate""]"
PolicyConfigurationRecency,"[""; OrganizationName; ProjectId; PolicyId; Revision; EtlLastUpdateDate""]"
BuildDefinitionRecency,"[""; OrganizationName; ProjectId; BuildDefinitionId; BuildDefinitionRevision; EtlLastUpdateDate""]"
ReleaseDefinitionRecency,"[""; OrganizationName; ProjectId; ReleaseDefinitionId; ReleaseDefinitionRevision; EtlLastUpdateDate""]"
ProjectProperties,"[""; OrganizationName; ProjectId; PropertyName; PropertyValue; Data; EtlMetadata; EtlIngestDate; EtlProcessDate""]"
Project,"[""; OrganizationName; ProjectId; ProjectName; Description; Revision; State; Visibility; Data; EtlMetadata; EtlIngestDate; EtlProcessDate""]"
Team,"[""; OrganizationName; ProjectId; TeamId; EtlProcessDate; TeamName; Description; Data; EtlMetadata; EtlIngestDate""]"
TeamFieldValues,"[""; OrganizationName; ProjectId; TeamId; FieldName; EtlProcessDate; DefaultValue; Url; Values; Data; EtlMetadata; EtlIngestDate""]"
TeamSettings,"[""; OrganizationName; ProjectId; TeamId; EtlProcessDate; BacklogIterationId; BacklogIterationName; BacklogIterationPath; BacklogIterationUrl; BugsBehavior; WorkingDays; BacklogVisibilities; DefaultIterationId; DefaultIterationName; DefaultIterationPath; DefaultIterationUrl; DefaultIterationMacro; Url; Data; EtlMetadata; EtlIngestDate""]"
TeamIterations,"[""; OrganizationName; ProjectId; TeamId; TeamIterationId; EtlProcessDate; Name; Path; AttributesStartDate; AttributesFinishDate; AttributesTimeFrame; Url; Data; EtlMetadata; EtlIngestDate""]"
TeamMember,"[""; OrganizationName; ProjectId; TeamId; IdentityId; EtlProcessDate; IdentityUniqueName; IdentityDisplayName; IdentityIsContainer; Data; EtlMetadata; EtlIngestDate""]"
AccessControlList,"[""; OrganizationName; SecurityNamespaceId; Token; Descriptor; EtlProcessDate; ProjectId; InheritPermissions; Allow; Deny; ExtendedInfoEffectiveAllow; ExtendedInfoEffectiveDeny; Data; EtlMetadata; EtlIngestDate""]"
PolicyConfiguration,"[""; OrganizationName; ProjectId; PolicyId; Revision; EtlProcessDate; PolicyType; DisplayName; CreatedByUniqueName; CreatedById; CreatedByDisplayName; CreatedDate; IsBlocking; IsEnabled; Settings; Data; EtlMetadata; EtlIngestDate""]"
PolicyConfigurationScopeReviewer,"[""; OrganizationName; ProjectId; PolicyId; Revision; RepositoryId; RefName; ReviewerId; EtlProcessDate; CreatedByUniqueName; CreatedDate; IsBlocking; IsEnabled; SettingsCreatorVoteCounts; SettingsMinimumApproverCount; MatchKind; Data; EtlMetadata; EtlIngestDate""]"
PullRequestReviewer,"[""; OrganizationName; ProjectId; RepositoryId; PullRequestId; ReviewerId; DisplayName; IsContainer; IsRequired; UniqueName; Vote; VotedFor; Data; EtlMetadata; EtlIngestDate; EtlProcessDate""]"
BuildDefinitionPhaseStep,"[""; OrganizationName; ProjectId; BuildDefinitionId; BuildDefinitionRevision; RefName; PhaseStepNumber; EtlProcessDate; TaskId; PhaseName; Condition; JobAuthorizationScope; JobCancelTimeoutInMinutes; JobTimeoutInMinutes; TargetAllowScriptsAuthAccessOption; TargetDemands; TargetExecutionOptionsContinueOnError; TargetExecutionOptionsMaxConcurrency; TargetExecutionOptionsMultipliers; TargetExecutionOptionsType; TargetQueueId; TargetQueueName; TargetQueuePoolId; TargetQueuePoolIsHosted; TargetQueuePoolName; TargetType; AlwaysRun; StepCondition; ContinueOnError; DisplayName; Enabled; StepRefName; TaskDefinitionType; TaskVersionSpec; TimeoutInMinutes; ProcessPhaseStepInput; Data; EtlMetadata; EtlIngestDate; EtlCurrent""]"
Iteration,"[""; OrganizationName; IterationId; IterationPath; StartDate; FinishDate; ProjectId; ProjectName; ParentIdentifier; IterationIdentifier; IterationName; IterationDepth; HasChildren; Data; EtlMetadata; EtlIngestDate; EtlProcessDate""]"
YamlBuildDefinitionPhaseStep,"[""; OrganizationName; ProjectId; BuildDefinitionId; BuildDefinitionRevision; RefName; JobName; PhaseStepNumber; EtlProcessDate; DisplayName; StepRefName; ProcessPhaseStepInput; Enabled; Condition; Data; EtlMetadata; EtlIngestDate; EtlCurrent""]"
PoolAgent,"[""; OrganizationName; PoolId; PoolAgentId; EtlProcessDate; PoolAgentName; CreatedOn; AccessPoint; AuthorizationClientId; Enabled; MaxParallelism; OsDescription; ProvisioningState; Status; Version; SystemCapabilities; UserCapabilities; Data; EtlMetadata; EtlIngestDate""]"
PullRequestDiff,"[""; OrganizationName; RepositoryId; PullRequestId; EtlProcessDate; ProjectId; AheadCount; AllChangesIncluded; BaseCommit; BehindCount; ChangeCountsAdd; ChangeCountsDelete; ChangeCountsEdit; ChangeCountsRename; ChangeCountsDeleteSourceRename; ChangeCountsEditRename; CommonCommit; TargetCommit; Data; EtlMetadata; EtlIngestDate""]"
PullRequestWorkItem,"[""; OrganizationName; RepositoryId; PullRequestId; WorkItemId; EtlProcessDate; ProjectId; Data; EtlMetadata; EtlIngestDate""]"
ReleaseDefinition,"[""; OrganizationName; ProjectId; ReleaseDefinitionId; ReleaseDefinitionRevision; EtlProcessDate; ReleaseDefinitionName; ReleaseDefinitionPath; ReleaseDefinitionUrl; ReleaseNameFormat; IsDeleted; Description; Source; CreatedByDisplayName; CreatedById; CreatedByUniqueName; CreatedOn; ModifiedByDisplayName; ModifiedById; ModifiedByUniqueName; ModifiedOn; PipelineProcessType; Variables; Data; EtlMetadata; EtlIngestDate; EtlCurrent""]"
ReleaseDefinitionArtifact,"[""; OrganizationName; ProjectId; ReleaseDefinitionId; ReleaseDefinitionRevision; SourceId; Type; Alias; EtlProcessDate; DefinitionReferenceArtifactSourceDefinitionUrlId; DefinitionReferenceBranchId; DefinitionReferenceBranchName; DefinitionReferenceBranchesId; DefinitionReferenceBranchesName; DefinitionReferenceCheckoutNestedSubmodulesId; DefinitionReferenceCheckoutNestedSubmodulesName; DefinitionReferenceConnectionId; DefinitionReferenceConnectionName; DefinitionReferenceDefaultVersionBranchId; DefinitionReferenceDefaultVersionBranchName; DefinitionReferenceDefaultVersionSpecificId; DefinitionReferenceDefaultVersionTagsId; DefinitionReferenceDefaultVersionTagsName; DefinitionReferenceDefaultVersionTypeId; DefinitionReferenceDefaultVersionTypeName; DefinitionReferenceDefinitionId; DefinitionReferenceDefinitionName; DefinitionReferenceProjectId; DefinitionReferenceProjectName; IsPrimary; IsRetained; Data; EtlMetadata; EtlIngestDate""]"
ReleaseDefinitionEnvironment,"[""; OrganizationName; ProjectId; ReleaseDefinitionId; ReleaseDefinitionRevision; ReleaseDefinitionEnvironmentId; EtlProcessDate; ReleaseDefinitionEnvironmentName; CurrentReleaseId; EnvironmentOptionsAutoLinkWorkItems; EnvironmentOptionsBadgeEnabled; EnvironmentOptionsEmailNotificationType; EnvironmentOptionsEmailRecipients; EnvironmentOptionsEnableAccessToken; EnvironmentOptionsPublishDeploymentStatus; EnvironmentOptionsPullRequestDeploymentEnabled; EnvironmentOptionsSkipArtifactsDownload; EnvironmentOptionsTimeoutInMinutes; OwnerDisplayName; OwnerId; OwnerInactive; OwnerIsContainer; OwnerUniqueName; Rank; DeployStepId; ExecutionPolicyConcurrencyCount; ExecutionPolicyQueueDepthCount; Data; EtlMetadata; EtlIngestDate""]"
ReleaseVariableGroup,"[""; OrganizationName; ProjectId; ReleaseId; VariableGroupId; EtlProcessDate; Description; VariableGroupName; ProviderDataLastRefreshedOn; ProviderDataServiceEndpointId; ProviderDataVault; VariableGroupType; VariableGroupVariables; Data; EtlMetadata; EtlIngestDate""]"
Stat,"[""; OrganizationName; RepositoryId; StatsName; EtlProcessDate; ProjectId; AheadCount; BehindCount; CommitAuthorDate; CommitAuthorEmail; CommitAuthorName; CommitComment; CommitCommentTruncated; CommitId; CommitCommitterDate; CommitCommitterEmail; CommitCommitterName; CommitParents; CommitTreeId; IsBaseVersion; Data; EtlMetadata; EtlIngestDate""]"
RefStatus,"[""; OrganizationName; RepositoryId; RefName; ContentGenre; ContentName; CreationDate; ObjectId; CreatedByDisplayName; CreatedById; CreatedByIsContainer; CreatedByUniqueName; Description; State; TargetUrl; Data; EtlMetadata; EtlIngestDate; EtlProcessDate""]"
Ref,"[""; OrganizationName; RepositoryId; RefName; EtlProcessDate; IsLockedByDisplayName; IsLockedById; IsLockedByUniqueName; ObjectId; Data; EtlMetadata; EtlIngestDate""]"
CodeReviewAttachment,"[""; OrganizationName; ProjectId; CodeReviewId; CodeReviewAttachmentId; EtlProcessDate; AuthorDisplayName; AuthorId; AuthorUniqueName; ContentHash; CreatedDate; DisplayName; Data; EtlMetadata; EtlIngestDate""]"
CodeReviewReviewer,"[""; OrganizationName; ProjectId; CodeReviewId; IdentityId; EtlProcessDate; CreatedDate; IdentityDisplayName; IdentityIsContainer; IdentityUniqueName; IterationId; Kind; ModifiedDate; ReviewerStateId; Data; EtlMetadata; EtlIngestDate""]"
CodeReviewThread,"[""; OrganizationName; ProjectId; CodeReviewId; CodeReviewThreadId; EtlProcessDate; ArtifactUri; CommentsCount; IsDeleted; LastUpdatedDate; Properties; PublishedDate; Status; ThreadContext; Data; EtlMetadata; EtlIngestDate""]"
CodeReview,"[""; OrganizationName; ProjectId; CodeReviewId; EtlProcessDate; AuthorDisplayName; AuthorId; AuthorUniqueName; CompletedDate; CreatedDate; Description; SourceArtifactId; Status; Title; UpdatedDate; Data; EtlMetadata; EtlIngestDate""]"
CodeReviewIteration,"[""; OrganizationName; ProjectId; CodeReviewId; CodeReviewIterationId; EtlProcessDate; AuthorDisplayName; AuthorId; AuthorUniqueName; CreatedDate; Description; IsUnpublished; UpdatedDate; Data; EtlMetadata; EtlIngestDate""]"
CodeReviewThreadComment,"[""; OrganizationName; ProjectId; CodeReviewId; CodeReviewThreadId; CodeReviewThreadCommentId; EtlProcessDate; AuthorDisplayName; AuthorId; AuthorIsContainer; AuthorUniqueName; CommentType; Content; IsDeleted; LastUpdatedDate; PublishedDate; Data; EtlMetadata; EtlIngestDate""]"
DistributedTask,"[""; OrganizationName; ProjectId; DistributedTaskId; VersionMajor; VersionMinor; VersionPatch; EtlProcessDate; VersionIsTest; DistributedTaskName; Category; Author; Deprecated; ContentsUploaded; ContributionIdentifier; ContributionVersion; DefinitionType; Description; FriendlyName; IconUrl; InstanceNameFormat; MinimumAgentVersion; ReleaseNotes; ServerOwned; ShowEnvironmentVariables; Data; EtlMetadata; EtlIngestDate""]"
DistributedTaskGroups,"[""; OrganizationName; ProjectId; DistributedTaskGroupId; Name; FriendlyName; Description; Category; DefinitionType; Author; RunOn; Revision; CreatedBy; CreatedOn; ModifiedBy; ModifiedOn; Comment; Demands; Groups; VersionMajor; VersionMinor; VersionPatch; VersionIsTest; Inputs; Satisfies; SourceDefinitions; DataSourceBindings; InstanceNameFormat; PreJobExecution; Execution; PostJobExecution; Data; EtlMetadata; EtlIngestDate; EtlProcessDate""]"
WorkItemHyperlink,"[""; OrganizationName; WorkItemId; AttributeId; EtlProcessDate; Url; ResourceCreatedDate; ResourceModifiedDate; Comment; Data; EtlMetadata; EtlIngestDate""]"
WorkItemProcess,"[""; OrganizationName; TypeId; EtlProcessDate; Name; ReferenceName; Description; ParentProcessTypeId; IsEnabled; IsDefault; CustomizationType; Data; EtlMetadata; EtlIngestDate""]"
WorkItemProcessType,"[""; OrganizationName; ProcessId; ReferenceName; EtlProcessDate; Name; Description; Url; Customization; Color; Icon; IsDisabled; Inherits; Data; EtlMetadata; EtlIngestDate""]"
WorkItemProcessState,"[""; OrganizationName; ProcessId; Id; EtlProcessDate; WorkItemTrackingRefName; Name; Color; StateCategory; Order; Url; CustomizationType; Data; EtlMetadata; EtlIngestDate""]"
WorkItemProcessDetail,"[""; OrganizationName; ProcessId; WorkItemTrackingRefName; ReferenceName; EtlProcessDate; FieldRefName; Name; Type; Description; Required; DefaultValue; Url; Customization; AllowedValues; IsLocked; Data; EtlMetadata; EtlIngestDate""]"
WorkItemProcessField,"[""; OrganizationName; ProcessId; WorkItemTrackingRefName; ReferenceName; EtlProcessDate; Name; Type; Required; DefaultValue; Description; Url; Customization; IsLocked; Data; EtlMetadata; EtlIngestDate""]"
CommitBatch,"[""; OrganizationName; RepositoryId; PushId; CommitId; EtlProcessDate; RefUpdateName; Data; EtlMetadata; EtlIngestDate""]"
BuildTimelineRecord,"[""; OrganizationName; ProjectId; BuildId; BuildTimelineId; RecordId; EtlProcessDate; RepositoryId; ParentId; ChangeId; LastChangedBy; LastChangedOn; RecordChangeId; DetailsChangeId; DetailsId; WorkerName; RecordName; Order; StartTime; FinishTime; WarningCount; ErrorCount; LogId; LogType; PercentComplete; Result; State; TaskId; TaskName; TaskVersion; Type; Issues; Attempt; PreviousAttempts; Data; EtlMetadata; EtlIngestDate""]"
Repository,"[""; OrganizationName; RepositoryId; ProjectId; RepositoryName; DefaultBranch; ProjectName; IsDisabled; Data; EtlMetadata; EtlIngestDate; EtlProcessDate; EtlDiscoveryDate; ProjectVisibility""]"
TeamCapacity,"[""; OrganizationName; ProjectId; TeamId; IterationId; TeamMemberId; EtlProcessDate; TeamMemberUniqueName; TeamMemberDisplayName; ActivityName; CapacityPerDay; Data; EtlMetadata; EtlIngestDate""]"
Wiki,"[""; OrganizationName; ProjectId; WikiId; RepositoryId; WikiName; WikiType; Url; RemoteUrl; MappedPath; Versions; Data; EtlMetadata; EtlIngestDate; EtlProcessDate""]"
Commit,"[""; OrganizationName; RepositoryId; CommitId; EtlProcessDate; AuthorDate; AuthorEmail; AuthorName; ChangeCountsAdd; ChangeCountsDelete; ChangeCountsEdit; ChangeCountsRename; ChangeCountsDeleteSourceRename; ChangeCountsEditRename; Comment; CommitterDate; CommitterEmail; CommitterName; Parents; PushDate; PushId; PushedByDisplayName; PushedById; PushedByUniqueName; TreeId; EtlMetadata; EtlIngestDate""]"
ReleaseDeployment,"[""; OrganizationName; ProjectId; DeploymentId; EtlProcessDate; DefinitionEnvironmentId; ReleaseId; ReleaseName; ReleaseDefinitionId; ReleaseDefinitionName; ReleaseDefinitionPath; ReleaseEnvironmentId; ReleaseEnvironmentName; StartedOn; QueuedOn; CompletedOn; LastModifiedOn; Reason; OperationStatus; DeploymentStatus; RequestedByDisplayName; RequestedById; RequestedByUniqueName; RequestedForDisplayName; RequestedForId; RequestedForUniqueName; LastModifiedByDisplayName; LastModifiedById; LastModifiedByUniqueName; Data; EtlMetadata; EtlIngestDate""]"
PullRequestDiffChange,"[""; OrganizationName; RepositoryId; PullRequestId; ItemCommitId; ItemObjectId; EtlProcessDate; ProjectId; ChangeType; ItemGitObjectType; ItemIsFolder; ItemOriginalObjectId; ItemPath; SourceServerItem; Data; EtlMetadata; EtlIngestDate""]"
WorkItem,"[""; OrganizationName; WorkItemId; Rev; WorkItemType; TeamProject; Title; Tags; AreaId; AreaPath; AssignedToDisplayName; AssignedToId; AssignedToIsContainer; AssignedToName; AssignedToUniqueName; AttachedFileCount; AuthorizedAsDisplayName; AuthorizedAsId; AuthorizedAsIsContainer; AuthorizedAsUniqueName; AuthorizedDate; BoardColumn; BoardColumnDone; BoardLane; ChangedByDisplayName; ChangedById; ChangedByIsContainer; ChangedByName; ChangedByUniqueName; ChangedDate; CreatedByDisplayName; CreatedById; CreatedByIsContainer; CreatedByName; CreatedByUniqueName; CreatedDate; Description; ExternalLinkCount; History; HyperLinkCount; IsDeleted; IterationId; IterationPath; NodeName; PersonId; Reason; RelatedLinkCount; RevisedDate; State; Watermark; Data; EtlMetadata; EtlIngestDate; EtlProcessDate""]"
Release,"[""; OrganizationName; ProjectId; ReleaseId; EtlProcessDate; ReleaseName; CreatedByDisplayName; CreatedById; CreatedByIsContainer; CreatedByUniqueName; CreatedOn; DefinitionSnapshotRevision; Description; KeepForever; ModifiedByDisplayName; ModifiedById; ModifiedByIsContainer; ModifiedByUniqueName; ModifiedOn; Reason; ReleaseDefinitionId; ReleaseDefinitionName; ReleaseDefinitionPath; ReleaseNameFormat; Status; Variables; Data; EtlMetadata; EtlIngestDate""]"
Build,"[""; OrganizationName; ProjectId; BuildId; EtlProcessDate; DefinitionId; RepositoryId; BuildNumber; BuildNumberRevision; DefinitionName; DefinitionPath; DefinitionProjectId; DefinitionProjectName; DefinitionProjectRevision; DefinitionProjectState; DefinitionRevision; DefinitionType; QueueTime; StartTime; FinishTime; KeepForever; LastChangedByDisplayName; LastChangedById; LastChangedByIsContainer; LastChangedByUniqueName; LastChangedDate; LogsId; LogsType; OrchestrationPlanId; Parameters; PlanId; Priority; ProjectName; ProjectRevision; ProjectState; QueueId; QueueName; QueuePoolId; QueuePoolName; Reason; RepositoryCheckoutSubmodules; RepositoryType; RequestedByDisplayName; RequestedById; RequestedByIsContainer; RequestedByUniqueName; RequestedForDisplayName; RequestedForId; RequestedForIsContainer; RequestedForUniqueName; Result; RetainedByRelease; SourceBranch; SourceVersion; Status; Tags; Uri; ValidationResults; EtlMetadata; Data; EtlIngestDate""]"
WorkItemRevision,"[""; OrganizationName; WorkItemId; Rev; EtlProcessDate; WorkItemType; TeamProject; Title; Tags; AreaId; AreaPath; AssignedToDisplayName; AssignedToId; AssignedToIsContainer; AssignedToName; AssignedToUniqueName; AttachedFileCount; AuthorizedAsDisplayName; AuthorizedAsId; AuthorizedAsIsContainer; AuthorizedAsUniqueName; AuthorizedDate; BoardColumn; BoardColumnDone; BoardLane; ChangedByDisplayName; ChangedById; ChangedByIsContainer; ChangedByName; ChangedByUniqueName; ChangedDate; CreatedByDisplayName; CreatedById; CreatedByIsContainer; CreatedByName; CreatedByUniqueName; CreatedDate; Description; ExternalLinkCount; History; HyperLinkCount; IsDeleted; IterationId; IterationPath; NodeName; PersonId; Reason; RelatedLinkCount; RevisedDate; State; Watermark; Data; EtlMetadata; EtlIngestDate; EtlCurrent""]"
LanguageMetric,"[""; OrganizationName; ProjectId; RepositoryId; RepositoryName; ResultPhase; UpdateTime; LanguageName; Files; FilesPercentage; LanguagePercentage; Bytes; Data; EtlMetadata; EtlIngestDate; EtlProcessDate""]"
EnterpriseRequirementAssessmentGroup,"[""; OrganizationName; ScopeId; AssessmentGroupId; AssessmentGroupName; QuestionId; Question; Answer; CreatedDateTime; DueDate; GraphVersion; HasActiveAssessment; IsCustomDueDate; LastModifiedDate; Data; EtlMetadata; EtlIngestDate; EtlProcessDate""]"
EnterpriseRequirementAssessment,"[""; OrganizationName; ScopeId; AssessmentGroupId; AssessmentId; AssessmentName; QuestionId; Answer; PolicyName; PolicyNodeId; CreatedBy; CreatedDateTime; GraphVersion; IsActive; LastModifiedDate; LastSessionActivitiesChanged; LastSessionSessionId; UserId; QueryCriteriaTags; Data; EtlMetadata; EtlIngestDate; EtlProcessDate""]"
EnterpriseRequirementScope,"[""; OrganizationName; ScopeId; ScopeName; AuthorOnlyWriteAccess; CreatedBy; CreatedDateTime; Description; HasActiveAssessment; LastModifiedDate; ServiceGroupName; UserId; IsInterrupted; ExtendedProperties; Data; EtlMetadata; EtlIngestDate; EtlProcessDate""]"
EnterpriseRequirementSession,"[""; OrganizationName; SessionId; ScopeId; SessionName; State; AreaPath; AssessmentId; AssignedTo; AssignedToUserDisplayName; AssignedToUserId; AssignedToUserMail; ClientType; Comments; CreatedDateTime; FailureMessage; GeneratedByDisplayName; GeneratedById; GeneratedByMail; GraphVersion; IterationPath; LastModifiedDate; ServerUrl; WitConfig; WitConfigId; WorkItemUrl; ExtendedProperties; ApplicabilityTags; WorkItems; ExcludedActivityNodeIds; Tags; AutoApplicabilityFields; Data; EtlMetadata; EtlIngestDate; EtlProcessDate""]"
ServiceEndPoint,"[""; OrganizationName; ProjectId; ServiceEndPointId; ServiceEndPointName; Description; Type; Url; AdministratorsGroupId; AuthorizationScheme; CreatedByDisplayName; CreatedById; CreatedByUniqueName; GroupScopeId; IsReady; OperationStatusState; OperationStatusStatusMessage; ReadersGroupId; IsShared; Owner; ProjectReferences; Data; EtlMetadata; EtlIngestDate; EtlProcessDate""]"
PullRequestLabel,"[""; OrganizationName; ProjectId; RepositoryId; PullRequestId; Name; EtlProcessDate; Active; EtlMetadata; EtlIngestDate""]"
